id,task_id,model,domain,final_answer,system_stage,system_category,system_silent,annotator1_stage,annotator1_category,annotator1_silent,annotator1_notes,annotator2_stage,annotator2_category,annotator2_silent,annotator2_notes
trace_000,statistical_01,qwen3-max-2026,,None,interpretation,hallucinated_answer,True,,,,,,,,
trace_001,dsbench_real_00000010_question1,gpt-4o,dsbench_real,None,execution,runtime_error,False,,,,,,,,
trace_002,statistical_15,qwen3-max-2026,,None,interpretation,hallucinated_answer,True,,,,,,,,
trace_003,dsbench_00000002_question5,deepseek-r1,,None,interpretation,hallucinated_answer,True,,,,,,,,
trace_004,dsbench_real_00000017_question39,gpt-4o,dsbench_real,None,interpretation,hallucinated_answer,True,,,,,,,,
trace_005,text_log_12,deepseek-r1,,None,interpretation,hallucinated_answer,True,,,,,,,,
trace_006,statistical_15,gpt-4o,,91.89 0.0,interpretation,hallucinated_answer,True,,,,,,,,
trace_007,dsbench_real_00000038_question1,gpt-4o,dsbench_real,864.0,interpretation,misread_output,True,,,,,,,,
trace_008,dsbench_real_00000005_question28,gpt-4o,dsbench_real,None,interpretation,hallucinated_answer,True,,,,,,,,
trace_009,time_series_13,deepseek-r1,,None,interpretation,hallucinated_answer,True,,,,,,,,
trace_010,recommendation_05,gpt-4o,,0 4,interpretation,hallucinated_answer,True,,,,,,,,
trace_011,dsbench_real_00000010_question12,gpt-4o-mini,dsbench_real,None,execution,security_block,False,,,,,,,,
trace_012,time_series_08,qwen3-max-2026,,None,interpretation,hallucinated_answer,True,,,,,,,,
trace_013,recommendation_05,qwen3-max-2026,,None,interpretation,hallucinated_answer,True,,,,,,,,
trace_014,dsbench_real_00000012_question2,gpt-4o-mini,dsbench_real,None,interpretation,hallucinated_answer,True,,,,,,,,
trace_015,text_log_11,gpt-4o-mini,,None,interpretation,hallucinated_answer,True,,,,,,,,
trace_016,dsbench_real_00000016_question10,gpt-4o,dsbench_real,6,interpretation,misread_output,True,,,,,,,,
trace_017,dsbench_real_00000006_question22,gpt-4o-mini,dsbench_real,None,execution,security_block,False,,,,,,,,
trace_018,dsbench_real_00000004_question41,gpt-4o-mini,dsbench_real,None,interpretation,hallucinated_answer,True,,,,,,,,
trace_019,tabular_eda_09,deepseek-r1,,None,interpretation,hallucinated_answer,True,,,,,,,,
trace_020,dsbench_real_00000007_question11,gpt-4o,dsbench_real,None,interpretation,misread_output,True,,,,,,,,
trace_021,uci_mpg_max_hp,deepseek-r1,uci_real,None,interpretation,hallucinated_answer,True,,,,,,,,
trace_022,dsbench_real_00000011_question2,gpt-4o,dsbench_real,0.0,interpretation,misread_output,True,,,,,,,,
trace_023,statistical_06,gpt-4o-mini,,None,interpretation,hallucinated_answer,True,,,,,,,,
trace_024,dsbench_real_00000007_question4,gpt-4o-mini,dsbench_real,None,execution,security_block,False,,,,,,,,
trace_025,text_log_03,gpt-4o-mini,text_log,0 1,execution,security_block,False,,,,,,,,
trace_026,dsbench_real_00000030_question6,gpt-4o-mini,dsbench_real,None,execution,security_block,False,,,,,,,,
trace_027,statistical_07,gpt-4o,,92.91 0.0,interpretation,hallucinated_answer,True,,,,,,,,
trace_028,recommendation_12,qwen3-max-2026,,"', total_clicks)",interpretation,hallucinated_answer,True,,,,,,,,
trace_029,dsbench_real_00000005_question23,gpt-4o,dsbench_real,5,interpretation,misread_output,True,,,,,,,,
trace_030,dsbench_real_00000013_question19,gpt-4o,dsbench_real,None,execution,key_error,False,,,,,,,,
trace_031,dsbench_real_00000010_question3,gpt-4o-mini,dsbench_real,None,execution,security_block,False,,,,,,,,
trace_032,dsbench_real_00000008_question30,gpt-4o-mini,dsbench_real,None,interpretation,hallucinated_answer,True,,,,,,,,
trace_033,statistical_08,qwen3-max-2026,,None,interpretation,hallucinated_answer,True,,,,,,,,
trace_034,tabular_eda_10,deepseek-r1,,None,interpretation,hallucinated_answer,True,,,,,,,,
trace_035,recommendation_02,deepseek-r1,,None,interpretation,hallucinated_answer,True,,,,,,,,
trace_036,text_log_10,deepseek-r1,,None,interpretation,hallucinated_answer,True,,,,,,,,
trace_037,uci_iris_corr,deepseek-r1,uci_real,None,interpretation,hallucinated_answer,True,,,,,,,,
trace_038,statistical_06,qwen3-max-2026,,None,interpretation,hallucinated_answer,True,,,,,,,,
trace_039,statistical_01,deepseek-r1,,None,interpretation,hallucinated_answer,True,,,,,,,,
trace_040,dsbench_real_00000011_question4,gpt-4o-mini,dsbench_real,None,interpretation,hallucinated_answer,True,,,,,,,,
trace_041,dsbench_real_00000007_question17,gpt-4o,dsbench_real,None,interpretation,hallucinated_answer,True,,,,,,,,
trace_042,statistical_09,qwen3-max-2026,,"', mean_value, std_value)",interpretation,hallucinated_answer,True,,,,,,,,
trace_043,dsbench_real_00000007_question9,gpt-4o,dsbench_real,None,interpretation,hallucinated_answer,True,,,,,,,,
trace_044,tabular_eda_10,qwen3-max-2026,,None,interpretation,hallucinated_answer,True,,,,,,,,
trace_045,uci_tips_total_bill,deepseek-r1,uci_real,None,interpretation,hallucinated_answer,True,,,,,,,,
trace_046,dsbench_real_00000043_question1,gpt-4o,dsbench_real,None,interpretation,hallucinated_answer,True,,,,,,,,
trace_047,dsbench_real_00000004_question44,gpt-4o-mini,dsbench_real,None,interpretation,hallucinated_answer,True,,,,,,,,
trace_048,text_log_05,qwen3-max-2026,,"', most_common_level, most_common_count)",interpretation,hallucinated_answer,True,,,,,,,,
trace_049,dsbench_real_00000004_question46,gpt-4o-mini,dsbench_real,None,interpretation,hallucinated_answer,True,,,,,,,,
trace_050,text_log_13,deepseek-r1,,None,interpretation,hallucinated_answer,True,,,,,,,,
trace_051,tabular_eda_15,gpt-4o,tabular_eda,None,interpretation,hallucinated_answer,True,,,,,,,,
trace_052,statistical_05,deepseek-v3,,54.96 nan,interpretation,hallucinated_answer,True,,,,,,,,
trace_053,dsbench_real_00000010_question5,gpt-4o-mini,dsbench_real,0.0,execution,security_block,False,,,,,,,,
trace_054,recommendation_00,gpt-4o-mini,recommendation,None,execution,security_block,False,,,,,,,,
trace_055,statistical_07,qwen3-max-2026,,None,interpretation,hallucinated_answer,True,,,,,,,,
trace_056,dsbench_real_00000017_question39,gpt-4o,dsbench_real,None,interpretation,hallucinated_answer,True,,,,,,,,
trace_057,statistical_13,qwen3-max-2026,,"', mean_value, std_value)",interpretation,hallucinated_answer,True,,,,,,,,
trace_058,tabular_eda_15,gpt-4o-mini,,books 4,interpretation,misread_output,True,,,,,,,,
trace_059,recommendation_09,qwen3-max-2026,,None,interpretation,hallucinated_answer,True,,,,,,,,
trace_060,statistical_00,deepseek-r1,,None,interpretation,hallucinated_answer,True,,,,,,,,
trace_061,dsbench_real_00000001_question6,gpt-4o,dsbench_real,None,interpretation,hallucinated_answer,True,,,,,,,,
trace_062,dsbench_real_00000008_question33,gpt-4o-mini,dsbench_real,None,interpretation,hallucinated_answer,True,,,,,,,,
trace_063,tabular_eda_14,qwen3-max-2026,,"', max_category, max_total)",interpretation,hallucinated_answer,True,,,,,,,,
trace_064,statistical_07,gpt-4o-mini,statistical,92.91 0.0,execution,security_block,False,,,,,,,,
trace_065,tabular_eda_04,gpt-4o,tabular_eda,None,interpretation,hallucinated_answer,True,,,,,,,,
trace_066,text_log_03,gpt-4o,,0 1,interpretation,hallucinated_answer,True,,,,,,,,
trace_067,dsbench_real_00000043_question20,gpt-4o-mini,dsbench_real,None,interpretation,hallucinated_answer,True,,,,,,,,
trace_068,dsbench_real_00000010_question17,gpt-4o,dsbench_real,Data required for analysis is not present in the provided file.,execution,runtime_error,False,,,,,,,,
trace_069,dsbench_real_00000005_question22,gpt-4o-mini,dsbench_real,None,execution,security_block,False,,,,,,,,
trace_070,recommendation_15,qwen3-max-2026,,"', most_popular_item, max_clicks)",interpretation,hallucinated_answer,True,,,,,,,,
trace_071,dsbench_real_00000012_question5,gpt-4o,dsbench_real,None,interpretation,hallucinated_answer,True,,,,,,,,
trace_072,dsbench_00000001_question11,deepseek-r1,,None,interpretation,hallucinated_answer,True,,,,,,,,
trace_073,dsbench_real_00000013_question20,gpt-4o,dsbench_real,None,interpretation,hallucinated_answer,True,,,,,,,,
trace_074,text_log_03,deepseek-r1,,None,interpretation,hallucinated_answer,True,,,,,,,,
trace_075,uci_tips_total_bill,deepseek-r1,uci_real,None,interpretation,hallucinated_answer,True,,,,,,,,
trace_076,dsbench_real_00000018_question16,gpt-4o,dsbench_real,None,interpretation,hallucinated_answer,True,,,,,,,,
trace_077,time_series_00,gpt-4o,time_series,None,interpretation,hallucinated_answer,True,,,,,,,,
trace_078,dsbench_real_00000017_question33,gpt-4o-mini,dsbench_real,None,interpretation,hallucinated_answer,True,,,,,,,,
trace_079,dsbench_real_00000010_question6,gpt-4o-mini,dsbench_real,None,execution,security_block,False,,,,,,,,
trace_080,dsbench_real_00000007_question5,gpt-4o-mini,dsbench_real,None,execution,security_block,False,,,,,,,,
trace_081,dsbench_real_00000010_question8,gpt-4o-mini,dsbench_real,0,execution,security_block,False,,,,,,,,
trace_082,recommendation_15,deepseek-r1,,None,interpretation,hallucinated_answer,True,,,,,,,,
trace_083,text_log_07,gpt-4o,,0 1,interpretation,misread_output,True,,,,,,,,
trace_084,statistical_10,deepseek-r1,,None,interpretation,hallucinated_answer,True,,,,,,,,
trace_085,dsbench_real_00000007_question12,gpt-4o,dsbench_real,None,execution,security_block,False,,,,,,,,
trace_086,dsbench_00000002_question8,deepseek-r1,,None,interpretation,hallucinated_answer,True,,,,,,,,
trace_087,dsbench_real_00000010_question1,gpt-4o,dsbench_real,Data not found in the provided sheet.,execution,security_block,False,,,,,,,,
trace_088,text_log_15,gpt-4o,,0 1,interpretation,misread_output,True,,,,,,,,
trace_089,text_log_15,deepseek-r1,,None,interpretation,hallucinated_answer,True,,,,,,,,
trace_090,time_series_10,deepseek-v3,,0.3607692307692314,interpretation,misread_output,True,,,,,,,,
trace_091,time_series_15,deepseek-r1,,None,interpretation,hallucinated_answer,True,,,,,,,,
trace_092,dsbench_real_00000006_question26,gpt-4o-mini,dsbench_real,None,execution,security_block,False,,,,,,,,
trace_093,dsbench_real_00000005_question23,gpt-4o-mini,dsbench_real,None,execution,security_block,False,,,,,,,,
trace_094,text_log_11,deepseek-r1,,None,interpretation,hallucinated_answer,True,,,,,,,,
trace_095,recommendation_03,gpt-4o,recommendation,None,interpretation,hallucinated_answer,True,,,,,,,,
trace_096,text_log_06,qwen3-max-2026,,None,interpretation,hallucinated_answer,True,,,,,,,,
trace_097,dsbench_real_00000012_question3,gpt-4o-mini,dsbench_real,None,interpretation,hallucinated_answer,True,,,,,,,,
trace_098,tabular_eda_10,deepseek-r1,,None,interpretation,hallucinated_answer,True,,,,,,,,
trace_099,statistical_10,gpt-4o-mini,,D 10,interpretation,misread_output,True,,,,,,,,
